group_code,iso3
ARB,ARE
ARB,BHR
ARB,COM
ARB,DJI
ARB,DZA
ARB,EGY
ARB,IRQ
ARB,JOR
ARB,KWT
ARB,LBN
ARB,LBY
ARB,MAR
ARB,MRT
ARB,OMN
ARB,PSE
ARB,QAT
ARB,SAU
ARB,SDN
ARB,SOM
ARB,SYR
ARB,TUN
ARB,YEM
CEB,BGR
CEB,CZE
CEB,EST
CEB,HRV
CEB,HUN
CEB,LTU
CEB,LVA
CEB,POL
CEB,ROU
CEB,SVK
CEB,SVN
CSS,ATG
CSS,BHS
CSS,BLZ
CSS,BRB
CSS,DMA
CSS,GRD
CSS,GUY
CSS,JAM
CSS,KNA
CSS,LCA
CSS,SUR
CSS,TTO
CSS,VCT
EAP,ASM
EAP,CHN
EAP,FJI
EAP,FSM
EAP,IDN
EAP,KHM
EAP,KIR
EAP,LAO
EAP,MHL
EAP,MMR
EAP,MNG
EAP,MYS
EAP,NRU
EAP,PHL
EAP,PNG
EAP,PRK
EAP,SLB
EAP,THA
EAP,TLS
EAP,TON
EAP,TUV
EAP,VNM
EAP,VUT
EAP,WSM
EAR,ARG
EAR,BGD
EAR,BHR
EAR,BLZ
EAR,BOL
EAR,BTN
EAR,BWA
EAR,CPV
EAR,DJI
EAR,DOM
EAR,DZA
EAR,ECU
EAR,EGY
EAR,ETH
EAR,FSM
EAR,GAB
EAR,GHA
EAR,GRD
EAR,GTM
EAR,HND
EAR,HTI
EAR,IDN
EAR,IND
EAR,IRN
EAR,ISR
EAR,JOR
EAR,KHM
EAR,KIR
EAR,LAO
EAR,LBY
EAR,LSO
EAR,MDV
EAR,MEX
EAR,MMR
EAR,NAM
EAR,NIC
EAR,NPL
EAR,PAK
EAR,PAN
EAR,PER
EAR,PHL
EAR,PNG
EAR,PRY
EAR,PSE
EAR,RWA
EAR,SAU
EAR,SLB
EAR,SLV
EAR,SUR
EAR,SWZ
EAR,SYR
EAR,TJK
EAR,TKM
EAR,TON
EAR,TUR
EAR,UZB
EAR,VEN
EAR,VUT
EAR,WSM
EAR,YEM
EAR,ZAF
EAR,ZWE
EAS,ASM
EAS,AUS
EAS,BRN
EAS,CHN
EAS,FJI
EAS,FSM
EAS,GUM
EAS,HKG
EAS,IDN
EAS,JPN
EAS,KHM
EAS,KIR
EAS,KOR
EAS,LAO
EAS,MAC
EAS,MHL
EAS,MMR
EAS,MNG
EAS,MNP
EAS,MYS
EAS,NCL
EAS,NRU
EAS,NZL
EAS,PHL
EAS,PLW
EAS,PNG
EAS,PRK
EAS,PYF
EAS,SGP
EAS,SLB
EAS,THA
EAS,TLS
EAS,TON
EAS,TUV
EAS,TWN
EAS,VNM
EAS,VUT
EAS,WSM
ECA,ALB
ECA,ARM
ECA,AZE
ECA,BGR
ECA,BIH
ECA,BLR
ECA,GEO
ECA,KAZ
ECA,KGZ
ECA,MDA
ECA,MKD
ECA,MNE
ECA,ROU
ECA,RUS
ECA,SRB
ECA,TJK
ECA,TKM
ECA,TUR
ECA,UKR
ECA,UZB
ECS,ALB
ECS,AND
ECS,ARM
ECS,AUT
ECS,AZE
ECS,BEL
ECS,BGR
ECS,BIH
ECS,BLR
ECS,CHE
ECS,CYP
ECS,CZE
ECS,DEU
ECS,DNK
ECS,ESP
ECS,EST
ECS,FIN
ECS,FRA
ECS,FRO
ECS,GBR
ECS,GEO
ECS,GIB
ECS,GRC
ECS,GRL
ECS,HRV
ECS,HUN
ECS,IMN
ECS,IRL
ECS,ISL
ECS,ITA
ECS,KAZ
ECS,KGZ
ECS,LIE
ECS,LTU
ECS,LUX
ECS,LVA
ECS,MCO
ECS,MDA
ECS,MKD
ECS,MNE
ECS,NLD
ECS,NOR
ECS,POL
ECS,PRT
ECS,ROU
ECS,RUS
ECS,SMR
ECS,SRB
ECS,SVK
ECS,SVN
ECS,SWE
ECS,TJK
ECS,TKM
ECS,TUR
ECS,UKR
ECS,UZB
EMU,AUT
EMU,BEL
EMU,CYP
EMU,DEU
EMU,ESP
EMU,EST
EMU,FIN
EMU,FRA
EMU,GRC
EMU,IRL
EMU,ITA
EMU,LTU
EMU,LUX
EMU,LVA
EMU,MLT
EMU,NLD
EMU,PRT
EMU,SVK
EMU,SVN
EUU,AUT
EUU,BEL
EUU,BGR
EUU,CYP
EUU,CZE
EUU,DEU
EUU,DNK
EUU,ESP
EUU,EST
EUU,FIN
EUU,FRA
EUU,GBR
EUU,GRC
EUU,HRV
EUU,HUN
EUU,IRL
EUU,ITA
EUU,LTU
EUU,LUX
EUU,LVA
EUU,MLT
EUU,NLD
EUU,POL
EUU,PRT
EUU,ROU
EUU,SVK
EUU,SVN
EUU,SWE
FCS,AFG
FCS,BDI
FCS,CAF
FCS,CIV
FCS,COD
FCS,COG
FCS,COM
FCS,DJI
FCS,ERI
FCS,FSM
FCS,GMB
FCS,GNB
FCS,HTI
FCS,IRQ
FCS,KIR
FCS,LBN
FCS,LBR
FCS,LBY
FCS,MHL
FCS,MLI
FCS,MMR
FCS,MOZ
FCS,PNG
FCS,PSE
FCS,SDN
FCS,SLB
FCS,SOM
FCS,SSD
FCS,SYR
FCS,TCD
FCS,TGO
FCS,TLS
FCS,TUV
FCS,YEM
FCS,ZWE
HIC,ABW
HIC,AND
HIC,ARE
HIC,ARG
HIC,ATG
HIC,AUS
HIC,AUT
HIC,BEL
HIC,BHR
HIC,BHS
HIC,BMU
HIC,BRB
HIC,BRN
HIC,CAN
HIC,CHE
HIC,CHL
HIC,CUW
HIC,CYM
HIC,CYP
HIC,CZE
HIC,DEU
HIC,DNK
HIC,ESP
HIC,EST
HIC,FIN
HIC,FRA
HIC,FRO
HIC,GBR
HIC,GIB
HIC,GRC
HIC,GRL
HIC,GUM
HIC,HKG
HIC,HRV
HIC,HUN
HIC,IMN
HIC,IRL
HIC,ISL
HIC,ISR
HIC,ITA
HIC,JPN
HIC,KNA
HIC,KOR
HIC,KWT
HIC,LIE
HIC,LTU
HIC,LUX
HIC,LVA
HIC,MAC
HIC,MAF
HIC,MCO
HIC,MLT
HIC,MNP
HIC,NCL
HIC,NLD
HIC,NOR
HIC,NZL
HIC,OMN
HIC,PAN
HIC,PLW
HIC,POL
HIC,PRI
HIC,PRT
HIC,PYF
HIC,QAT
HIC,SAU
HIC,SGP
HIC,SMR
HIC,SVK
HIC,SVN
HIC,SWE
HIC,SXM
HIC,SYC
HIC,TCA
HIC,TTO
HIC,TWN
HIC,URY
HIC,USA
HIC,VGB
HIC,VIR
HPC,AFG
HPC,BDI
HPC,BEN
HPC,BFA
HPC,BOL
HPC,CAF
HPC,CIV
HPC,CMR
HPC,COD
HPC,COG
HPC,COM
HPC,ERI
HPC,ETH
HPC,GHA
HPC,GIN
HPC,GMB
HPC,GNB
HPC,GUY
HPC,HND
HPC,HTI
HPC,LBR
HPC,MDG
HPC,MLI
HPC,MOZ
HPC,MRT
HPC,MWI
HPC,NER
HPC,NIC
HPC,RWA
HPC,SDN
HPC,SEN
HPC,SLE
HPC,SOM
HPC,STP
HPC,TCD
HPC,TGO
HPC,TZA
HPC,UGA
HPC,ZMB
IBD,AGO
IBD,ALB
IBD,ARG
IBD,ARM
IBD,ATG
IBD,AZE
IBD,BGR
IBD,BIH
IBD,BLR
IBD,BLZ
IBD,BOL
IBD,BRA
IBD,BWA
IBD,CHL
IBD,CHN
IBD,COL
IBD,CRI
IBD,DOM
IBD,DZA
IBD,ECU
IBD,EGY
IBD,FJI
IBD,GAB
IBD,GEO
IBD,GNQ
IBD,GTM
IBD,HRV
IBD,IDN
IBD,IND
IBD,IRN
IBD,IRQ
IBD,JAM
IBD,JOR
IBD,KAZ
IBD,KNA
IBD,LBN
IBD,LBY
IBD,LKA
IBD,MAR
IBD,MEX
IBD,MKD
IBD,MNE
IBD,MUS
IBD,MYS
IBD,NAM
IBD,NRU
IBD,PAN
IBD,PER
IBD,PHL
IBD,PLW
IBD,POL
IBD,PRY
IBD,ROU
IBD,RUS
IBD,SLV
IBD,SRB
IBD,SUR
IBD,SWZ
IBD,SYC
IBD,THA
IBD,TKM
IBD,TTO
IBD,TUN
IBD,TUR
IBD,UKR
IBD,URY
IBD,VEN
IBD,VNM
IBD,ZAF
IBT,AFG
IBT,AGO
IBT,ALB
IBT,ARG
IBT,ARM
IBT,ATG
IBT,AZE
IBT,BDI
IBT,BEN
IBT,BFA
IBT,BGD
IBT,BGR
IBT,BIH
IBT,BLR
IBT,BLZ
IBT,BOL
IBT,BRA
IBT,BTN
IBT,BWA
IBT,CAF
IBT,CHL
IBT,CHN
IBT,CIV
IBT,CMR
IBT,COD
IBT,COG
IBT,COL
IBT,COM
IBT,CPV
IBT,CRI
IBT,DJI
IBT,DMA
IBT,DOM
IBT,DZA
IBT,ECU
IBT,EGY
IBT,ERI
IBT,ETH
IBT,FJI
IBT,FSM
IBT,GAB
IBT,GEO
IBT,GHA
IBT,GIN
IBT,GMB
IBT,GNB
IBT,GNQ
IBT,GRD
IBT,GTM
IBT,GUY
IBT,HND
IBT,HRV
IBT,HTI
IBT,IDN
IBT,IND
IBT,IRN
IBT,IRQ
IBT,JAM
IBT,JOR
IBT,KAZ
IBT,KEN
IBT,KGZ
IBT,KHM
IBT,KIR
IBT,KNA
IBT,LAO
IBT,LBN
IBT,LBR
IBT,LBY
IBT,LCA
IBT,LKA
IBT,LSO
IBT,MAR
IBT,MDA
IBT,MDG
IBT,MDV
IBT,MEX
IBT,MHL
IBT,MKD
IBT,MLI
IBT,MMR
IBT,MNE
IBT,MNG
IBT,MOZ
IBT,MRT
IBT,MUS
IBT,MWI
IBT,MYS
IBT,NAM
IBT,NER
IBT,NGA
IBT,NIC
IBT,NPL
IBT,NRU
IBT,PAK
IBT,PAN
IBT,PER
IBT,PHL
IBT,PLW
IBT,PNG
IBT,POL
IBT,PRY
IBT,ROU
IBT,RUS
IBT,RWA
IBT,SDN
IBT,SEN
IBT,SLB
IBT,SLE
IBT,SLV
IBT,SOM
IBT,SRB
IBT,SSD
IBT,STP
IBT,SUR
IBT,SWZ
IBT,SYC
IBT,SYR
IBT,TCD
IBT,TGO
IBT,THA
IBT,TJK
IBT,TKM
IBT,TLS
IBT,TON
IBT,TTO
IBT,TUN
IBT,TUR
IBT,TUV
IBT,TZA
IBT,UGA
IBT,UKR
IBT,URY
IBT,UZB
IBT,VCT
IBT,VEN
IBT,VNM
IBT,VUT
IBT,WSM
IBT,YEM
IBT,ZAF
IBT,ZMB
IBT,ZWE
IDA,AFG
IDA,BDI
IDA,BEN
IDA,BFA
IDA,BGD
IDA,BTN
IDA,CAF
IDA,CIV
IDA,CMR
IDA,COD
IDA,COG
IDA,COM
IDA,CPV
IDA,DJI
IDA,DMA
IDA,ERI
IDA,ETH
IDA,FSM
IDA,GHA
IDA,GIN
IDA,GMB
IDA,GNB
IDA,GRD
IDA,GUY
IDA,HND
IDA,HTI
IDA,KEN
IDA,KGZ
IDA,KHM
IDA,KIR
IDA,LAO
IDA,LBR
IDA,LCA
IDA,LSO
IDA,MDA
IDA,MDG
IDA,MDV
IDA,MHL
IDA,MLI
IDA,MMR
IDA,MNG
IDA,MOZ
IDA,MRT
IDA,MWI
IDA,NER
IDA,NGA
IDA,NIC
IDA,NPL
IDA,PAK
IDA,PNG
IDA,RWA
IDA,SDN
IDA,SEN
IDA,SLB
IDA,SLE
IDA,SOM
IDA,SSD
IDA,STP
IDA,SYR
IDA,TCD
IDA,TGO
IDA,TJK
IDA,TLS
IDA,TON
IDA,TUV
IDA,TZA
IDA,UGA
IDA,UZB
IDA,VCT
IDA,VUT
IDA,WSM
IDA,YEM
IDA,ZMB
IDA,ZWE
IDB,CMR
IDB,COG
IDB,CPV
IDB,DMA
IDB,GRD
IDB,KEN
IDB,LCA
IDB,MDA
IDB,MNG
IDB,NGA
IDB,PAK
IDB,PNG
IDB,TLS
IDB,UZB
IDB,VCT
IDB,ZWE
IDX,AFG
IDX,BDI
IDX,BEN
IDX,BFA
IDX,BGD
IDX,BTN
IDX,CAF
IDX,CIV
IDX,COD
IDX,COM
IDX,DJI
IDX,ERI
IDX,ETH
IDX,FSM
IDX,GHA
IDX,GIN
IDX,GMB
IDX,GNB
IDX,GUY
IDX,HND
IDX,HTI
IDX,KGZ
IDX,KHM
IDX,KIR
IDX,LAO
IDX,LBR
IDX,LSO
IDX,MDG
IDX,MDV
IDX,MHL
IDX,MLI
IDX,MMR
IDX,MOZ
IDX,MRT
IDX,MWI
IDX,NER
IDX,NIC
IDX,NPL
IDX,RWA
IDX,SDN
IDX,SEN
IDX,SLB
IDX,SLE
IDX,SOM
IDX,SSD
IDX,STP
IDX,SYR
IDX,TCD
IDX,TGO
IDX,TJK
IDX,TON
IDX,TUV
IDX,TZA
IDX,UGA
IDX,VUT
IDX,WSM
IDX,YEM
IDX,ZMB
LAC,BLZ
LAC,BOL
LAC,BRA
LAC,COL
LAC,CRI
LAC,CUB
LAC,DMA
LAC,DOM
LAC,ECU
LAC,GRD
LAC,GTM
LAC,GUY
LAC,HND
LAC,HTI
LAC,JAM
LAC,LCA
LAC,MEX
LAC,NIC
LAC,PER
LAC,PRY
LAC,SLV
LAC,SUR
LAC,VCT
LAC,VEN
LCN,ABW
LCN,ARG
LCN,ATG
LCN,BHS
LCN,BLZ
LCN,BOL
LCN,BRA
LCN,BRB
LCN,CHL
LCN,COL
LCN,CRI
LCN,CUB
LCN,CUW
LCN,CYM
LCN,DMA
LCN,DOM
LCN,ECU
LCN,GRD
LCN,GTM
LCN,GUY
LCN,HND
LCN,HTI
LCN,JAM
LCN,KNA
LCN,LCA
LCN,MAF
LCN,MEX
LCN,NIC
LCN,PAN
LCN,PER
LCN,PRI
LCN,PRY
LCN,SLV
LCN,SUR
LCN,SXM
LCN,TCA
LCN,TTO
LCN,URY
LCN,VCT
LCN,VEN
LCN,VGB
LCN,VIR
LDC,AFG
LDC,AGO
LDC,BDI
LDC,BEN
LDC,BFA
LDC,BGD
LDC,BTN
LDC,CAF
LDC,COD
LDC,COM
LDC,DJI
LDC,ERI
LDC,ETH
LDC,GIN
LDC,GMB
LDC,GNB
LDC,HTI
LDC,KHM
LDC,KIR
LDC,LAO
LDC,LBR
LDC,LSO
LDC,MDG
LDC,MLI
LDC,MMR
LDC,MOZ
LDC,MRT
LDC,MWI
LDC,NER
LDC,NPL
LDC,RWA
LDC,SDN
LDC,SEN
LDC,SLB
LDC,SLE
LDC,SOM
LDC,SSD
LDC,STP
LDC,TCD
LDC,TGO
LDC,TLS
LDC,TUV
LDC,TZA
LDC,UGA
LDC,VUT
LDC,YEM
LDC,ZMB
LIC,AFG
LIC,BDI
LIC,BEN
LIC,BFA
LIC,CAF
LIC,COD
LIC,COM
LIC,ERI
LIC,ETH
LIC,GIN
LIC,GMB
LIC,GNB
LIC,HTI
LIC,LBR
LIC,MDG
LIC,MLI
LIC,MOZ
LIC,MWI
LIC,NER
LIC,NPL
LIC,PRK
LIC,RWA
LIC,SEN
LIC,SLE
LIC,SOM
LIC,SSD
LIC,SYR
LIC,TCD
LIC,TGO
LIC,TJK
LIC,TZA
LIC,UGA
LIC,YEM
LIC,ZWE
LMC,AGO
LMC,BGD
LMC,BOL
LMC,BTN
LMC,CIV
LMC,CMR
LMC,COG
LMC,CPV
LMC,DJI
LMC,EGY
LMC,FSM
LMC,GEO
LMC,GHA
LMC,HND
LMC,IDN
LMC,IND
LMC,KEN
LMC,KGZ
LMC,KHM
LMC,KIR
LMC,LAO
LMC,LKA
LMC,LSO
LMC,MAR
LMC,MDA
LMC,MMR
LMC,MNG
LMC,MRT
LMC,NGA
LMC,NIC
LMC,PAK
LMC,PHL
LMC,PNG
LMC,PSE
LMC,SDN
LMC,SLB
LMC,SLV
LMC,STP
LMC,SWZ
LMC,TLS
LMC,TUN
LMC,UKR
LMC,UZB
LMC,VNM
LMC,VUT
LMC,ZMB
LMY,AFG
LMY,AGO
LMY,ALB
LMY,ARM
LMY,ASM
LMY,AZE
LMY,BDI
LMY,BEN
LMY,BFA
LMY,BGD
LMY,BGR
LMY,BIH
LMY,BLR
LMY,BLZ
LMY,BOL
LMY,BRA
LMY,BTN
LMY,BWA
LMY,CAF
LMY,CHN
LMY,CIV
LMY,CMR
LMY,COD
LMY,COG
LMY,COL
LMY,COM
LMY,CPV
LMY,CRI
LMY,CUB
LMY,DJI
LMY,DMA
LMY,DOM
LMY,DZA
LMY,ECU
LMY,EGY
LMY,ERI
LMY,ETH
LMY,FJI
LMY,FSM
LMY,GAB
LMY,GEO
LMY,GHA
LMY,GIN
LMY,GMB
LMY,GNB
LMY,GNQ
LMY,GRD
LMY,GTM
LMY,GUY
LMY,HND
LMY,HTI
LMY,IDN
LMY,IND
LMY,IRN
LMY,IRQ
LMY,JAM
LMY,JOR
LMY,KAZ
LMY,KEN
LMY,KGZ
LMY,KHM
LMY,KIR
LMY,LAO
LMY,LBN
LMY,LBR
LMY,LBY
LMY,LCA
LMY,LKA
LMY,LSO
LMY,MAR
LMY,MDA
LMY,MDG
LMY,MDV
LMY,MEX
LMY,MHL
LMY,MKD
LMY,MLI
LMY,MMR
LMY,MNE
LMY,MNG
LMY,MOZ
LMY,MRT
LMY,MUS
LMY,MWI
LMY,MYS
LMY,NAM
LMY,NER
LMY,NGA
LMY,NIC
LMY,NPL
LMY,NRU
LMY,PAK
LMY,PER
LMY,PHL
LMY,PNG
LMY,PRK
LMY,PRY
LMY,PSE
LMY,ROU
LMY,RUS
LMY,RWA
LMY,SDN
LMY,SEN
LMY,SLB
LMY,SLE
LMY,SLV
LMY,SOM
LMY,SRB
LMY,SSD
LMY,STP
LMY,SUR
LMY,SWZ
LMY,SYR
LMY,TCD
LMY,TGO
LMY,THA
LMY,TJK
LMY,TKM
LMY,TLS
LMY,TON
LMY,TUN
LMY,TUR
LMY,TUV
LMY,TZA
LMY,UGA
LMY,UKR
LMY,UZB
LMY,VCT
LMY,VEN
LMY,VNM
LMY,VUT
LMY,WSM
LMY,YEM
LMY,ZAF
LMY,ZMB
LMY,ZWE
LTE,ABW
LTE,ALB
LTE,ARE
LTE,ARM
LTE,AZE
LTE,BHS
LTE,BRA
LTE,BRN
LTE,CHL
LTE,CHN
LTE,COL
LTE,CRI
LTE,CYP
LTE,EST
LTE,FJI
LTE,GEO
LTE,GUM
LTE,GUY
LTE,IRL
LTE,ISL
LTE,JAM
LTE,KAZ
LTE,KGZ
LTE,KWT
LTE,LBN
LTE,LCA
LTE,LKA
LTE,LVA
LTE,MAR
LTE,MDA
LTE,MKD
LTE,MNE
LTE,MNG
LTE,MUS
LTE,MYS
LTE,NCL
LTE,OMN
LTE,POL
LTE,PRI
LTE,PRK
LTE,PYF
LTE,QAT
LTE,ROU
LTE,RUS
LTE,SRB
LTE,SVK
LTE,SYC
LTE,THA
LTE,TTO
LTE,TUN
LTE,URY
LTE,VCT
LTE,VIR
LTE,VNM
MEA,ARE
MEA,BHR
MEA,DJI
MEA,DZA
MEA,EGY
MEA,IRN
MEA,IRQ
MEA,ISR
MEA,JOR
MEA,KWT
MEA,LBN
MEA,LBY
MEA,MAR
MEA,MLT
MEA,OMN
MEA,PSE
MEA,QAT
MEA,SAU
MEA,SYR
MEA,TUN
MEA,YEM
MIC,AGO
MIC,ALB
MIC,ARM
MIC,ASM
MIC,AZE
MIC,BGD
MIC,BGR
MIC,BIH
MIC,BLR
MIC,BLZ
MIC,BOL
MIC,BRA
MIC,BTN
MIC,BWA
MIC,CHN
MIC,CIV
MIC,CMR
MIC,COG
MIC,COL
MIC,CPV
MIC,CRI
MIC,CUB
MIC,DJI
MIC,DMA
MIC,DOM
MIC,DZA
MIC,ECU
MIC,EGY
MIC,FJI
MIC,FSM
MIC,GAB
MIC,GEO
MIC,GHA
MIC,GNQ
MIC,GRD
MIC,GTM
MIC,GUY
MIC,HND
MIC,IDN
MIC,IND
MIC,IRN
MIC,IRQ
MIC,JAM
MIC,JOR
MIC,KAZ
MIC,KEN
MIC,KGZ
MIC,KHM
MIC,KIR
MIC,LAO
MIC,LBN
MIC,LBY
MIC,LCA
MIC,LKA
MIC,LSO
MIC,MAR
MIC,MDA
MIC,MDV
MIC,MEX
MIC,MHL
MIC,MKD
MIC,MMR
MIC,MNE
MIC,MNG
MIC,MRT
MIC,MUS
MIC,MYS
MIC,NAM
MIC,NGA
MIC,NIC
MIC,NRU
MIC,PAK
MIC,PER
MIC,PHL
MIC,PNG
MIC,PRY
MIC,PSE
MIC,ROU
MIC,RUS
MIC,SDN
MIC,SLB
MIC,SLV
MIC,SRB
MIC,STP
MIC,SUR
MIC,SWZ
MIC,THA
MIC,TKM
MIC,TLS
MIC,TON
MIC,TUN
MIC,TUR
MIC,TUV
MIC,UKR
MIC,UZB
MIC,VCT
MIC,VEN
MIC,VNM
MIC,VUT
MIC,WSM
MIC,ZAF
MIC,ZMB
MNA,DJI
MNA,DZA
MNA,EGY
MNA,IRN
MNA,IRQ
MNA,JOR
MNA,LBN
MNA,LBY
MNA,MAR
MNA,PSE
MNA,SYR
MNA,TUN
MNA,YEM
NAC,BMU
NAC,CAN
NAC,USA
OED,AUS
OED,AUT
OED,BEL
OED,CAN
OED,CHE
OED,CHL
OED,CZE
OED,DEU
OED,DNK
OED,ESP
OED,EST
OED,FIN
OED,FRA
OED,GBR
OED,GRC
OED,HUN
OED,IRL
OED,ISL
OED,ISR
OED,ITA
OED,JPN
OED,KOR
OED,LUX
OED,LVA
OED,MEX
OED,NLD
OED,NOR
OED,NZL
OED,POL
OED,PRT
OED,SVK
OED,SVN
OED,SWE
OED,TUR
OED,USA
OSS,BHR
OSS,BRN
OSS,BTN
OSS,BWA
OSS,COM
OSS,CPV
OSS,CYP
OSS,DJI
OSS,EST
OSS,GAB
OSS,GMB
OSS,GNB
OSS,GNQ
OSS,ISL
OSS,LSO
OSS,MDV
OSS,MLT
OSS,MNE
OSS,MUS
OSS,NAM
OSS,QAT
OSS,SMR
OSS,STP
OSS,SWZ
OSS,SYC
OSS,TLS
PRE,AFG
PRE,AGO
PRE,BDI
PRE,BEN
PRE,BFA
PRE,CAF
PRE,CIV
PRE,CMR
PRE,COD
PRE,COG
PRE,COM
PRE,ERI
PRE,GIN
PRE,GMB
PRE,GNB
PRE,GNQ
PRE,IRQ
PRE,KEN
PRE,LBR
PRE,MDG
PRE,MLI
PRE,MOZ
PRE,MRT
PRE,MWI
PRE,NER
PRE,NGA
PRE,SDN
PRE,SEN
PRE,SLE
PRE,SOM
PRE,SSD
PRE,TCD
PRE,TGO
PRE,TLS
PRE,TZA
PRE,UGA
PRE,ZMB
PSS,FJI
PSS,FSM
PSS,KIR
PSS,MHL
PSS,NRU
PSS,PLW
PSS,SLB
PSS,TON
PSS,TUV
PSS,VUT
PSS,WSM
PST,ATG
PST,AUS
PST,AUT
PST,BEL
PST,BGR
PST,BIH
PST,BLR
PST,BRB
PST,CAN
PST,CHE
PST,CUB
PST,CZE
PST,DEU
PST,DNK
PST,ESP
PST,FIN
PST,FRA
PST,GBR
PST,GRC
PST,HKG
PST,HRV
PST,HUN
PST,ITA
PST,JPN
PST,KOR
PST,LTU
PST,LUX
PST,MAC
PST,MLT
PST,NLD
PST,NOR
PST,NZL
PST,PRT
PST,SGP
PST,SVN
PST,SWE
PST,UKR
PST,USA
SAS,AFG
SAS,BGD
SAS,BTN
SAS,IND
SAS,LKA
SAS,MDV
SAS,NPL
SAS,PAK
SSA,AGO
SSA,BDI
SSA,BEN
SSA,BFA
SSA,BWA
SSA,CAF
SSA,CIV
SSA,CMR
SSA,COD
SSA,COG
SSA,COM
SSA,CPV
SSA,ERI
SSA,ETH
SSA,GAB
SSA,GHA
SSA,GIN
SSA,GMB
SSA,GNB
SSA,GNQ
SSA,KEN
SSA,LBR
SSA,LSO
SSA,MDG
SSA,MLI
SSA,MOZ
SSA,MRT
SSA,MUS
SSA,MWI
SSA,NAM
SSA,NER
SSA,NGA
SSA,RWA
SSA,SDN
SSA,SEN
SSA,SLE
SSA,SOM
SSA,SSD
SSA,STP
SSA,SWZ
SSA,TCD
SSA,TGO
SSA,TZA
SSA,UGA
SSA,ZAF
SSA,ZMB
SSA,ZWE
SSF,AGO
SSF,BDI
SSF,BEN
SSF,BFA
SSF,BWA
SSF,CAF
SSF,CIV
SSF,CMR
SSF,COD
SSF,COG
SSF,COM
SSF,CPV
SSF,ERI
SSF,ETH
SSF,GAB
SSF,GHA
SSF,GIN
SSF,GMB
SSF,GNB
SSF,GNQ
SSF,KEN
SSF,LBR
SSF,LSO
SSF,MDG
SSF,MLI
SSF,MOZ
SSF,MRT
SSF,MUS
SSF,MWI
SSF,NAM
SSF,NER
SSF,NGA
SSF,RWA
SSF,SDN
SSF,SEN
SSF,SLE
SSF,SOM
SSF,SSD
SSF,STP
SSF,SWZ
SSF,SYC
SSF,TCD
SSF,TGO
SSF,TZA
SSF,UGA
SSF,ZAF
SSF,ZMB
SSF,ZWE
SST,ATG
SST,BHR
SST,BHS
SST,BLZ
SST,BRB
SST,BRN
SST,BTN
SST,BWA
SST,COM
SST,CPV
SST,CYP
SST,DJI
SST,DMA
SST,EST
SST,FJI
SST,FSM
SST,GAB
SST,GMB
SST,GNB
SST,GNQ
SST,GRD
SST,GUY
SST,ISL
SST,JAM
SST,KIR
SST,KNA
SST,LCA
SST,LSO
SST,MDV
SST,MHL
SST,MLT
SST,MNE
SST,MUS
SST,NAM
SST,NRU
SST,PLW
SST,QAT
SST,SLB
SST,SMR
SST,STP
SST,SUR
SST,SWZ
SST,SYC
SST,TLS
SST,TON
SST,TTO
SST,TUV
SST,VCT
SST,VUT
SST,WSM
TEA,CHN
TEA,FJI
TEA,FSM
TEA,IDN
TEA,KHM
TEA,KIR
TEA,LAO
TEA,MHL
TEA,MMR
TEA,MNG
TEA,MYS
TEA,NRU
TEA,PHL
TEA,PLW
TEA,PNG
TEA,SLB
TEA,THA
TEA,TLS
TEA,TON
TEA,TUV
TEA,VNM
TEA,VUT
TEA,WSM
TEC,ALB
TEC,ARM
TEC,AZE
TEC,BGR
TEC,BIH
TEC,BLR
TEC,GEO
TEC,HRV
TEC,KAZ
TEC,KGZ
TEC,MDA
TEC,MKD
TEC,MNE
TEC,POL
TEC,ROU
TEC,RUS
TEC,SRB
TEC,TJK
TEC,TKM
TEC,TUR
TEC,UKR
TEC,UZB
TLA,ARG
TLA,ATG
TLA,BLZ
TLA,BOL
TLA,BRA
TLA,CHL
TLA,COL
TLA,CRI
TLA,DMA
TLA,DOM
TLA,ECU
TLA,GRD
TLA,GTM
TLA,GUY
TLA,HND
TLA,HTI
TLA,JAM
TLA,KNA
TLA,LCA
TLA,MEX
TLA,NIC
TLA,PAN
TLA,PER
TLA,PRY
TLA,SLV
TLA,SUR
TLA,TTO
TLA,URY
TLA,VCT
TLA,VEN
TMN,DJI
TMN,DZA
TMN,EGY
TMN,IRN
TMN,IRQ
TMN,JOR
TMN,LBN
TMN,LBY
TMN,MAR
TMN,SYR
TMN,TUN
TMN,YEM
TSA,AFG
TSA,BGD
TSA,BTN
TSA,IND
TSA,LKA
TSA,MDV
TSA,NPL
TSA,PAK
TSS,AGO
TSS,BDI
TSS,BEN
TSS,BFA
TSS,BWA
TSS,CAF
TSS,CIV
TSS,CMR
TSS,COD
TSS,COG
TSS,COM
TSS,CPV
TSS,ERI
TSS,ETH
TSS,GAB
TSS,GHA
TSS,GIN
TSS,GMB
TSS,GNB
TSS,GNQ
TSS,KEN
TSS,LBR
TSS,LSO
TSS,MDG
TSS,MLI
TSS,MOZ
TSS,MRT
TSS,MUS
TSS,MWI
TSS,NAM
TSS,NER
TSS,NGA
TSS,RWA
TSS,SDN
TSS,SEN
TSS,SLE
TSS,SOM
TSS,SSD
TSS,STP
TSS,SWZ
TSS,SYC
TSS,TCD
TSS,TGO
TSS,TZA
TSS,UGA
TSS,ZAF
TSS,ZMB
TSS,ZWE
UMC,ALB
UMC,ARM
UMC,ASM
UMC,AZE
UMC,BGR
UMC,BIH
UMC,BLR
UMC,BLZ
UMC,BRA
UMC,BWA
UMC,CHN
UMC,COL
UMC,CRI
UMC,CUB
UMC,DMA
UMC,DOM
UMC,DZA
UMC,ECU
UMC,FJI
UMC,GAB
UMC,GNQ
UMC,GRD
UMC,GTM
UMC,GUY
UMC,IRN
UMC,IRQ
UMC,JAM
UMC,JOR
UMC,KAZ
UMC,LBN
UMC,LBY
UMC,LCA
UMC,MDV
UMC,MEX
UMC,MHL
UMC,MKD
UMC,MNE
UMC,MUS
UMC,MYS
UMC,NAM
UMC,NRU
UMC,PER
UMC,PRY
UMC,ROU
UMC,RUS
UMC,SRB
UMC,SUR
UMC,THA
UMC,TKM
UMC,TON
UMC,TUR
UMC,TUV
UMC,VCT
UMC,VEN
UMC,WSM
UMC,ZAF
WLD,ABW
WLD,AFG
WLD,AGO
WLD,ALB
WLD,AND
WLD,ARE
WLD,ARG
WLD,ARM
WLD,ASM
WLD,ATG
WLD,AUS
WLD,AUT
WLD,AZE
WLD,BDI
WLD,BEL
WLD,BEN
WLD,BFA
WLD,BGD
WLD,BGR
WLD,BHR
WLD,BHS
WLD,BIH
WLD,BLR
WLD,BLZ
WLD,BMU
WLD,BOL
WLD,BRA
WLD,BRB
WLD,BRN
WLD,BTN
WLD,BWA
WLD,CAF
WLD,CAN
WLD,CHE
WLD,CHL
WLD,CHN
WLD,CIV
WLD,CMR
WLD,COD
WLD,COG
WLD,COL
WLD,COM
WLD,CPV
WLD,CRI
WLD,CUB
WLD,CUW
WLD,CYM
WLD,CYP
WLD,CZE
WLD,DEU
WLD,DJI
WLD,DMA
WLD,DNK
WLD,DOM
WLD,DZA
WLD,ECU
WLD,EGY
WLD,ERI
WLD,ESP
WLD,EST
WLD,ETH
WLD,FIN
WLD,FJI
WLD,FRA
WLD,FRO
WLD,FSM
WLD,GAB
WLD,GBR
WLD,GEO
WLD,GHA
WLD,GIB
WLD,GIN
WLD,GMB
WLD,GNB
WLD,GNQ
WLD,GRC
WLD,GRD
WLD,GRL
WLD,GTM
WLD,GUM
WLD,GUY
WLD,HKG
WLD,HND
WLD,HRV
WLD,HTI
WLD,HUN
WLD,IDN
WLD,IMN
WLD,IND
WLD,IRL
WLD,IRN
WLD,IRQ
WLD,ISL
WLD,ISR
WLD,ITA
WLD,JAM
WLD,JOR
WLD,JPN
WLD,KAZ
WLD,KEN
WLD,KGZ
WLD,KHM
WLD,KIR
WLD,KNA
WLD,KOR
WLD,KWT
WLD,LAO
WLD,LBN
WLD,LBR
WLD,LBY
WLD,LCA
WLD,LIE
WLD,LKA
WLD,LSO
WLD,LTU
WLD,LUX
WLD,LVA
WLD,MAC
WLD,MAF
WLD,MAR
WLD,MCO
WLD,MDA
WLD,MDG
WLD,MDV
WLD,MEX
WLD,MHL
WLD,MKD
WLD,MLI
WLD,MLT
WLD,MMR
WLD,MNE
WLD,MNG
WLD,MNP
WLD,MOZ
WLD,MRT
WLD,MUS
WLD,MWI
WLD,MYS
WLD,NAM
WLD,NCL
WLD,NER
WLD,NGA
WLD,NIC
WLD,NLD
WLD,NOR
WLD,NPL
WLD,NRU
WLD,NZL
WLD,OMN
WLD,PAK
WLD,PAN
WLD,PER
WLD,PHL
WLD,PLW
WLD,PNG
WLD,POL
WLD,PRI
WLD,PRK
WLD,PRT
WLD,PRY
WLD,PSE
WLD,PYF
WLD,QAT
WLD,ROU
WLD,RUS
WLD,RWA
WLD,SAU
WLD,SDN
WLD,SEN
WLD,SGP
WLD,SLB
WLD,SLE
WLD,SLV
WLD,SMR
WLD,SOM
WLD,SRB
WLD,SSD
WLD,STP
WLD,SUR
WLD,SVK
WLD,SVN
WLD,SWE
WLD,SWZ
WLD,SXM
WLD,SYC
WLD,SYR
WLD,TCA
WLD,TCD
WLD,TGO
WLD,THA
WLD,TJK
WLD,TKM
WLD,TLS
WLD,TON
WLD,TTO
WLD,TUN
WLD,TUR
WLD,TUV
WLD,TWN
WLD,TZA
WLD,UGA
WLD,UKR
WLD,URY
WLD,USA
WLD,UZB
WLD,VCT
WLD,VEN
WLD,VGB
WLD,VIR
WLD,VNM
WLD,VUT
WLD,WSM
WLD,YEM
WLD,ZAF
WLD,ZMB
WLD,ZWE
